"id","beni_product_id","product_id","product_url","image_url","affiliated_url","resaler","brand","product_title","product_description","breadcrumbs","gender","color","currency","size_country","in_stock","attributes","created_at","updated_at","condition","product_category","size_exact","size_generic","price"
1,"Tradesy-4716","4716","","https://img-static.tradesy.com/item/4716/via-spiga-medium-red-leather-shoulder-bag-0-1-960-960.jpg","https://tradesy.prf.hn/click/camref:1100lkiDy/creativeref:1011l69603/destination:https://www.tradesy.com/t/via-spiga-medium-red-leather-shoulder-bag/4716/?utm_source=partnerize&utm_medium=affiliate&affiliate=beni","Tradesy","Via Spiga","Via Spiga Bags | Medium Leather Shoulder Bag, Red, (One Size) | Tradesy","Via Spiga Red Medium Shoulder Bag Handle drop approx. 7"" Strap length 15"" Can be worn over the shoulder or carried by the handle Leather exterior Interior fabric lining Burgundy Red Bag lays flat Open top magnetic closure Silver-toned hardware 1 interior zip pocket 2 interior slip pockets 2 exterior zip pockets No storage accessories included  |  Tradesy is the leading used luxury fashion resale marketplace | 100% AUTHENTIC, OR YOUR MONEY BACK | We have a zero-tolerance policy for replicas. Our authentication rate is best in the industry (Stronger than eBay, ThreadUp, The RealReal, Poshmark, Vestiaire, and Worthy), our smart technology automatically detects and removes fakes listed on our site. If you don’t feel confident about an item’s authenticity, send it to us — roundtrip shipping is free.","Bags > Shoulder Bags","Women","Red","USD","",True,"""{}""","2022-01-06 11:22:58.590928-03","2022-01-06 11:22:58.590938-03","","Apparel & Accessories > Handbags, Wallets & Cases > Handbags","","","29.80 USD"
2,"Tradesy-5558","5558","","https://img-static.tradesy.com/item/5558/bandolino-pewter-metallic-jeweled-sandals-size-us-7-regular-m-b-0-0-960-960.jpg","https://tradesy.prf.hn/click/camref:1100lkiDy/creativeref:1011l69603/destination:https://www.tradesy.com/t/bandolino-pewter-metallic-jeweled-sandals-size-us-7-regular-m-b/5558/?utm_source=partnerize&utm_medium=affiliate&affiliate=beni","Tradesy","Bandolino","Bandolino Shoes | Metallic Jeweled Sandals, Pewter, (Size 7) | Tradesy","Name: The Zarba Sandal Style #: 0809 Description: T-strap sandal with metallic pewter leather jeweled accents. Heel measures 4"" total including 1/2"" platform.  |  Tradesy is the leading used luxury fashion resale marketplace | 100% AUTHENTIC, OR YOUR MONEY BACK | We have a zero-tolerance policy for replicas. Our authentication rate is best in the industry (Stronger than eBay, ThreadUp, The RealReal, Poshmark, Vestiaire, and Worthy), our smart technology automatically detects and removes fakes listed on our site. If you don’t feel confident about an item’s authenticity, send it to us — roundtrip shipping is free.","Shoes > Sandals","Women","Pewter","USD","",True,"""{}""","2022-01-06 11:22:58.627843-03","2022-01-06 11:22:58.627852-03","","Apparel & Accessories > Shoes","","","41.80 USD"
3,"Tradesy-5939","5939","","https://img-static.tradesy.com/item/5939/givenchy-black-zip-front-peep-toe-sandal-heel-bootsbooties-size-us-7-regular-m-b-0-0-960-960.jpg","https://tradesy.prf.hn/click/camref:1100lkiDy/creativeref:1011l69603/destination:https://www.tradesy.com/t/givenchy-black-zip-front-peep-toe-sandal-heel-bootsbooties-size-us-7-regular-m-b/5939/?utm_source=partnerize&utm_medium=affiliate&affiliate=beni","Tradesy","Givenchy","Givenchy Shoes | Zip Front Peep Toe Sandal Heel Boots / Booties, Black, (Size 7) | Tradesy","NEW GIVENCHY ZIP FRONT PEEP TOE AND SANDAL HEEL CROC PATTERN BOOTIES. SOLD OUT SIZE: 37, no box provided. COLOR: BLACK MATERIAL: LEATHER THESE ARE AMAZING - I WISH THEY FIT ME Please, check my other designer listings for amazing deals  |  Tradesy is the leading used luxury fashion resale marketplace | 100% AUTHENTIC, OR YOUR MONEY BACK | We have a zero-tolerance policy for replicas. Our authentication rate is best in the industry (Stronger than eBay, ThreadUp, The RealReal, Poshmark, Vestiaire, and Worthy), our smart technology automatically detects and removes fakes listed on our site. If you don’t feel confident about an item’s authenticity, send it to us — roundtrip shipping is free.","Shoes > Boots & Booties","Women","Black","USD","",True,"""{}""","2022-01-06 11:22:58.657355-03","2022-01-06 11:22:58.657366-03","","Apparel & Accessories > Shoes","","","662.80 USD"
4,"Tradesy-7133","7133","","https://img-static.tradesy.com/item/7133/l-autre-chose-leopard-peep-pumps-size-us-85-regular-m-b-0-0-960-960.jpg","https://tradesy.prf.hn/click/camref:1100lkiDy/creativeref:1011l69603/destination:https://www.tradesy.com/t/l-autre-chose-leopard-peep-pumps-size-us-85-regular-m-b/7133/?utm_source=partnerize&utm_medium=affiliate&affiliate=beni","Tradesy","L'Autre Chose","L'autre Chose | Peep Pumps, Leopard, (Size 8.5) | Tradesy","Leopard Peep Toe Pumps Style: L6905CAV Desc: w/ Purple Flower - Fabulous  |  Tradesy is the leading used luxury fashion resale marketplace | 100% AUTHENTIC, OR YOUR MONEY BACK | We have a zero-tolerance policy for replicas. Our authentication rate is best in the industry (Stronger than eBay, ThreadUp, The RealReal, Poshmark, Vestiaire, and Worthy), our smart technology automatically detects and removes fakes listed on our site. If you don’t feel confident about an item’s authenticity, send it to us — roundtrip shipping is free.","Shoes > Pumps","Women","Leopard","USD","",True,"""{}""","2022-01-06 11:22:58.679099-03","2022-01-06 11:22:58.679114-03","","Apparel & Accessories > Shoes","","","162.50 USD"
5,"Tradesy-7504","7504","","https://img-static.tradesy.com/item/7504/halston-tropical-blue-jersey-halter-above-knee-night-out-dress-size-4-s-0-0-960-960.jpg","https://tradesy.prf.hn/click/camref:1100lkiDy/creativeref:1011l69603/destination:https://www.tradesy.com/t/halston-tropical-blue-jersey-halter-above-knee-night-out-dress-size-4-s/7504/?utm_source=partnerize&utm_medium=affiliate&affiliate=beni","Tradesy","Halston","Halston Dresses | Jersey Halter Above Knee Night Out Dress, Blue, (Size 4 (S) | Tradesy","Describe the fit, condition, etc.  |  Tradesy is the leading used luxury fashion resale marketplace | 100% AUTHENTIC, OR YOUR MONEY BACK | We have a zero-tolerance policy for replicas. Our authentication rate is best in the industry (Stronger than eBay, ThreadUp, The RealReal, Poshmark, Vestiaire, and Worthy), our smart technology automatically detects and removes fakes listed on our site. If you don’t feel confident about an item’s authenticity, send it to us — roundtrip shipping is free.","Dresses > Night Out Dresses","Women","Blue","USD","",True,"""{}""","2022-01-06 11:22:58.699723-03","2022-01-06 11:22:58.699731-03","","Apparel & Accessories > Clothing > Dresses","","","77.36 USD"
6,"Tradesy-7520","7520","","https://img-static.tradesy.com/item/7520/akiko-green-asian-style-above-knee-night-out-dress-size-4-s-0-0-960-960.jpg","https://tradesy.prf.hn/click/camref:1100lkiDy/creativeref:1011l69603/destination:https://www.tradesy.com/t/akiko-green-asian-style-above-knee-night-out-dress-size-4-s/7520/?utm_source=partnerize&utm_medium=affiliate&affiliate=beni","Tradesy","Akiko","Akiko Dresses | Asian Style Above Knee Night Out Dress, Green, (Size 4 (S), New | Tradesy","Shop Tradesy for always-authentic treasures including this new size 4 (S) Akiko Green Asian Style Above Knee Night Out Dress Size 4 (S). Shipping always included.  |  Tradesy is the leading used luxury fashion resale marketplace | 100% AUTHENTIC, OR YOUR MONEY BACK | We have a zero-tolerance policy for replicas. Our authentication rate is best in the industry (Stronger than eBay, ThreadUp, The RealReal, Poshmark, Vestiaire, and Worthy), our smart technology automatically detects and removes fakes listed on our site. If you don’t feel confident about an item’s authenticity, send it to us — roundtrip shipping is free.","Dresses > Night Out Dresses","Women","Green","USD","",True,"""{}""","2022-01-06 11:22:58.725631-03","2022-01-06 11:22:58.725657-03","","Apparel & Accessories > Clothing > Dresses","","","50.00 USD"
7,"Tradesy-8083","8083","","https://img-static.tradesy.com/item/8083/rock-and-republic-camo-sling-back-pumps-size-us-8-regular-m-b-0-0-960-960.jpg","https://tradesy.prf.hn/click/camref:1100lkiDy/creativeref:1011l69603/destination:https://www.tradesy.com/t/rock-and-republic-camo-sling-back-pumps-size-us-8-regular-m-b/8083/?utm_source=partnerize&utm_medium=affiliate&affiliate=beni","Tradesy","Rock & Republic","Rock & Republic Shoes | Sling Back Pumps, Camo, (Size 8) | Tradesy","Great Rock & Republic Camo Sling Back Pumps 3 1/2 inch heel Size 38  |  Tradesy is the leading used luxury fashion resale marketplace | 100% AUTHENTIC, OR YOUR MONEY BACK | We have a zero-tolerance policy for replicas. Our authentication rate is best in the industry (Stronger than eBay, ThreadUp, The RealReal, Poshmark, Vestiaire, and Worthy), our smart technology automatically detects and removes fakes listed on our site. If you don’t feel confident about an item’s authenticity, send it to us — roundtrip shipping is free.","Shoes > Pumps","Women","Camo","USD","",True,"""{}""","2022-01-06 11:22:58.751467-03","2022-01-06 11:22:58.751477-03","","Apparel & Accessories > Shoes","","","85.20 USD"
8,"Tradesy-8187","8187","","https://img-static.tradesy.com/item/8187/lucky-brand-black-vintage-quilted-lining-for-those-chilly-winter-mo-jacket-size-4-s-0-0-960-960.jpg","https://tradesy.prf.hn/click/camref:1100lkiDy/creativeref:1011l69603/destination:https://www.tradesy.com/t/lucky-brand-black-vintage-quilted-lining-for-those-chilly-winter-mo-jacket-size-4-s/8187/?utm_source=partnerize&utm_medium=affiliate&affiliate=beni","Tradesy","Lucky Brand","Lucky Brand Outerwear | Vintage Quilted Lining For Those Chilly Winter Mo Ja, Black, (Size 4 (S) | Tradesy","Shop Tradesy for always-authentic treasures including this used size 4 (S) Lucky Brand Black Vintage Quilted Lining For Those Chilly Winter Mo Ja. Shipping always included.  |  Tradesy is the leading used luxury fashion resale marketplace | 100% AUTHENTIC, OR YOUR MONEY BACK | We have a zero-tolerance policy for replicas. Our authentication rate is best in the industry (Stronger than eBay, ThreadUp, The RealReal, Poshmark, Vestiaire, and Worthy), our smart technology automatically detects and removes fakes listed on our site. If you don’t feel confident about an item’s authenticity, send it to us — roundtrip shipping is free.","Outerwear > Jackets > Leather Jackets","Women","Black","USD","",True,"""{}""","2022-01-06 11:22:58.777417-03","2022-01-06 11:22:58.777426-03","","Apparel & Accessories > Clothing > Outerwear > Coats & Jackets","","","124.30 USD"
9,"Tradesy-8891","8891","","https://img-static.tradesy.com/item/8891/jcrew-blue-strapless-silk-chiffon-above-knee-formal-dress-size-0-xs-0-0-960-960.jpg","https://tradesy.prf.hn/click/camref:1100lkiDy/creativeref:1011l69603/destination:https://www.tradesy.com/t/jcrew-blue-strapless-silk-chiffon-above-knee-formal-dress-size-0-xs/8891/?utm_source=partnerize&utm_medium=affiliate&affiliate=beni","Tradesy","J.Crew","J.crew | Strapless Silk Chiffon Above Knee Formal Dress, Blue, (Size 0 (XS) | Tradesy","Strapless silk chiffon dress. Falls to the knee. 100% silk. Classic and timeless, great for weddings.  |  Tradesy is the leading used luxury fashion resale marketplace | 100% AUTHENTIC, OR YOUR MONEY BACK | We have a zero-tolerance policy for replicas. Our authentication rate is best in the industry (Stronger than eBay, ThreadUp, The RealReal, Poshmark, Vestiaire, and Worthy), our smart technology automatically detects and removes fakes listed on our site. If you don’t feel confident about an item’s authenticity, send it to us — roundtrip shipping is free.","Dresses > Formal Dresses","Women","Blue","USD","",True,"""{}""","2022-01-06 11:22:58.890236-03","2022-01-06 11:22:58.890244-03","","Apparel & Accessories > Clothing > Dresses","","","66.80 USD"
10,"Tradesy-9450","9450","","https://img-static.tradesy.com/item/9450/courreges-cross-body-deep-wine-leather-shoulder-bag-0-0-960-960.jpg","https://tradesy.prf.hn/click/camref:1100lkiDy/creativeref:1011l69603/destination:https://www.tradesy.com/t/courreges-cross-body-deep-wine-leather-shoulder-bag/9450/?utm_source=partnerize&utm_medium=affiliate&affiliate=beni","Tradesy","Courrèges","Courrèges Bags | Cross Body Leather Shoulder Bag - Vintage, Wine, (One Size) | Tradesy","Vintage Corregges Leather Shoulder Bag. Never used. Outside compartment with strong magnetic clasp. Inner center compartment with zipper. Brass accents. A fabulous, unused vintage shoulder bag. Great cross-body bag.  |  Tradesy is the leading used luxury fashion resale marketplace | 100% AUTHENTIC, OR YOUR MONEY BACK | We have a zero-tolerance policy for replicas. Our authentication rate is best in the industry (Stronger than eBay, ThreadUp, The RealReal, Poshmark, Vestiaire, and Worthy), our smart technology automatically detects and removes fakes listed on our site. If you don’t feel confident about an item’s authenticity, send it to us — roundtrip shipping is free.","Bags > Shoulder Bags","Women","Wine","USD","",True,"""{}""","2022-01-06 11:22:58.928959-03","2022-01-06 11:22:58.928971-03","","Apparel & Accessories > Handbags, Wallets & Cases > Handbags","","","335.00 USD"
11,"Tradesy-10199","10199","","https://img-static.tradesy.com/item/10199/red-silk-jacket-size-4-s-0-0-960-960.jpg","https://tradesy.prf.hn/click/camref:1100lkiDy/creativeref:1011l69603/destination:https://www.tradesy.com/t/red-silk-jacket-size-4-s/10199/?utm_source=partnerize&utm_medium=affiliate&affiliate=beni","Tradesy","Tradesy","Tradesy Outerwear | Silk Jacket, Red, (Size 4 (S)","100% silk, belted, red jacket; 100% silk shell and 100% silk lining; Size 4; worn once  |  Tradesy is the leading used luxury fashion resale marketplace | 100% AUTHENTIC, OR YOUR MONEY BACK | We have a zero-tolerance policy for replicas. Our authentication rate is best in the industry (Stronger than eBay, ThreadUp, The RealReal, Poshmark, Vestiaire, and Worthy), our smart technology automatically detects and removes fakes listed on our site. If you don’t feel confident about an item’s authenticity, send it to us — roundtrip shipping is free.","Outerwear > Jackets","Women","Red","USD","",True,"""{}""","2022-01-06 11:22:58.966556-03","2022-01-06 11:22:58.966568-03","","Apparel & Accessories > Clothing > Outerwear > Coats & Jackets","","","89.00 USD"
12,"Tradesy-10222","10222","","https://img-static.tradesy.com/item/10222/gap-black-leather-skirt-size-2-xs-26-0-0-960-960.jpg","https://tradesy.prf.hn/click/camref:1100lkiDy/creativeref:1011l69603/destination:https://www.tradesy.com/t/gap-black-leather-skirt-size-2-xs-26/10222/?utm_source=partnerize&utm_medium=affiliate&affiliate=beni","Tradesy","Gap","Gap Bottoms | Skirt, Black, (Size 2 (26, XS) | Tradesy","Black leather skirt, mid-calf style; slightly A-line  |  Tradesy is the leading used luxury fashion resale marketplace | 100% AUTHENTIC, OR YOUR MONEY BACK | We have a zero-tolerance policy for replicas. Our authentication rate is best in the industry (Stronger than eBay, ThreadUp, The RealReal, Poshmark, Vestiaire, and Worthy), our smart technology automatically detects and removes fakes listed on our site. If you don’t feel confident about an item’s authenticity, send it to us — roundtrip shipping is free.","Bottoms > Skirts > Midi","Women","Black","USD","",True,"""{}""","2022-01-06 11:22:58.990938-03","2022-01-06 11:22:58.990949-03","","Apparel & Accessories > Clothing > Skirts","","","34.00 USD"
13,"Tradesy-10236","10236","","https://img-static.tradesy.com/item/10236/alberta-ferretti-copper-skirt-size-4-s-27-0-0-960-960.jpg","https://tradesy.prf.hn/click/camref:1100lkiDy/creativeref:1011l69603/destination:https://www.tradesy.com/t/alberta-ferretti-copper-skirt-size-4-s-27/10236/?utm_source=partnerize&utm_medium=affiliate&affiliate=beni","Tradesy","Alberta Ferretti","Alberta Ferretti Bottoms | Skirt, Copper, (Size 4 (27, S) | Tradesy","Double layer, pure silk copper skirt; slightly flared at bottom; size 4 but note that under lining/slip (they are two separate pieces) is marked a size 6 but comfortably fits a size 4; worn one time.  |  Tradesy is the leading used luxury fashion resale marketplace | 100% AUTHENTIC, OR YOUR MONEY BACK | We have a zero-tolerance policy for replicas. Our authentication rate is best in the industry (Stronger than eBay, ThreadUp, The RealReal, Poshmark, Vestiaire, and Worthy), our smart technology automatically detects and removes fakes listed on our site. If you don’t feel confident about an item’s authenticity, send it to us — roundtrip shipping is free.","Bottoms > Skirts > Knee-Length","Women","Copper","USD","",True,"""{}""","2022-01-06 11:22:59.01804-03","2022-01-06 11:22:59.018049-03","","Apparel & Accessories > Clothing > Skirts","","","174.00 USD"
14,"Tradesy-11972","11972","","https://img-static.tradesy.com/item/11972/kate-spade-tan-no-pumps-size-us-65-regular-m-b-0-1-960-960.jpg","https://tradesy.prf.hn/click/camref:1100lkiDy/creativeref:1011l69603/destination:https://www.tradesy.com/t/kate-spade-tan-no-pumps-size-us-65-regular-m-b/11972/?utm_source=partnerize&utm_medium=affiliate&affiliate=beni","Tradesy","Kate Spade","Kate Spade Shoes | No Pumps, Tan, (Size 6.5) | Tradesy","Luxury Designer Kate Spade at Up to 70% Off Retail. Real or Your Money Back. Shop The Luxury Resale Marketplace Made by Women, for Women. Your Fave Brands Coming in Hot Daily. tweed pump with a 2 1/2 inch heel and faux fur  |  Tradesy is the leading used luxury fashion resale marketplace | 100% AUTHENTIC, OR YOUR MONEY BACK | We have a zero-tolerance policy for replicas. Our authentication rate is best in the industry (Stronger than eBay, ThreadUp, The RealReal, Poshmark, Vestiaire, and Worthy), our smart technology automatically detects and removes fakes listed on our site. If you don’t feel confident about an item’s authenticity, send it to us — roundtrip shipping is free.","Shoes > Pumps","Women","Tan","USD","",True,"""{}""","2022-01-06 11:22:59.042381-03","2022-01-06 11:22:59.042389-03","","Apparel & Accessories > Shoes","","","55.30 USD"
15,"Tradesy-11982","11982","","https://img-static.tradesy.com/item/11982/american-eagle-outfitters-greenyellowwhite-shoulder-tie-sundress-mini-short-casual-dress-size-4-s-0-0-960-960.jpg","https://tradesy.prf.hn/click/camref:1100lkiDy/creativeref:1011l69603/destination:https://www.tradesy.com/t/american-eagle-outfitters-greenyellowwhite-shoulder-tie-sundress-mini-short-casual-dress-size-4-s/11982/?utm_source=partnerize&utm_medium=affiliate&affiliate=beni","Tradesy","American Eagle Outfitters","American Eagle Outfitters Dresses | Green / Yellow White Shoulder Tie Sundress Min, White/Yellow/Green, (Size 4 (S) | Tradesy","American Eagle Outfitters dress purchased at Filene's Basement of Boston (which is no longer). That is why tag is crossed out in black. Fun, short, cotton sundress. Very forgiving if you need it to be. Washes well, hang to dry. Wear with a wedge on the islands :)  |  Tradesy is the leading used luxury fashion resale marketplace | 100% AUTHENTIC, OR YOUR MONEY BACK | We have a zero-tolerance policy for replicas. Our authentication rate is best in the industry (Stronger than eBay, ThreadUp, The RealReal, Poshmark, Vestiaire, and Worthy), our smart technology automatically detects and removes fakes listed on our site. If you don’t feel confident about an item’s authenticity, send it to us — roundtrip shipping is free.","Dresses > Casual Dresses (Short)","Women","White/Yellow/Green","USD","",True,"""{}""","2022-01-06 11:22:59.067091-03","2022-01-06 11:22:59.0671-03","","Apparel & Accessories > Clothing > Dresses","","","10.31 USD"
16,"Tradesy-11989","11989","","https://img-static.tradesy.com/item/11989/prada-beige-no-mulesslides-size-us-7-regular-m-b-0-1-960-960.jpg","https://tradesy.prf.hn/click/camref:1100lkiDy/creativeref:1011l69603/destination:https://www.tradesy.com/t/prada-beige-no-mulesslides-size-us-7-regular-m-b/11989/?utm_source=partnerize&utm_medium=affiliate&affiliate=beni","Tradesy","Prada","Prada Shoes | No Mules / Slides, Beige, (Size 7) | Tradesy","Beige suede kitten heal with pointed toe and silver designs.  |  Tradesy is the leading used luxury fashion resale marketplace | 100% AUTHENTIC, OR YOUR MONEY BACK | We have a zero-tolerance policy for replicas. Our authentication rate is best in the industry (Stronger than eBay, ThreadUp, The RealReal, Poshmark, Vestiaire, and Worthy), our smart technology automatically detects and removes fakes listed on our site. If you don’t feel confident about an item’s authenticity, send it to us — roundtrip shipping is free.","Shoes > Mules & Clogs","Women","Beige","USD","",True,"""{}""","2022-01-06 11:22:59.090299-03","2022-01-06 11:22:59.090313-03","","Apparel & Accessories > Shoes","","","62.53 USD"
17,"Tradesy-12392","12392","","https://img-static.tradesy.com/item/12392/diane-von-furstenberg-black-with-multi-colors-no-size-2-xs-26-0-1-960-960.jpg","https://tradesy.prf.hn/click/camref:1100lkiDy/creativeref:1011l69603/destination:https://www.tradesy.com/t/diane-von-furstenberg-black-with-multi-colors-no-skirt-size-2-xs-26/12392/?utm_source=partnerize&utm_medium=affiliate&affiliate=beni","Tradesy","Diane Von Furstenberg","Diane Von Furstenberg Bottoms | No Skirt, Black, (Size 2 (26, XS) | Tradesy","100% silk skirt with side zipper  |  Tradesy is the leading used luxury fashion resale marketplace | 100% AUTHENTIC, OR YOUR MONEY BACK | We have a zero-tolerance policy for replicas. Our authentication rate is best in the industry (Stronger than eBay, ThreadUp, The RealReal, Poshmark, Vestiaire, and Worthy), our smart technology automatically detects and removes fakes listed on our site. If you don’t feel confident about an item’s authenticity, send it to us — roundtrip shipping is free.","Bottoms > Skirts","Women","Black","USD","",True,"""{}""","2022-01-06 11:22:59.113715-03","2022-01-06 11:22:59.113722-03","","Apparel & Accessories > Clothing > Skirts","","","51.05 USD"
18,"Tradesy-12403","12403","","https://img-static.tradesy.com/item/12403/lacoste-magenta-no-miniskirt-size-4-s-27-0-1-960-960.jpg","https://tradesy.prf.hn/click/camref:1100lkiDy/creativeref:1011l69603/destination:https://www.tradesy.com/t/lacoste-magenta-no-skirt-size-4-s-27/12403/?utm_source=partnerize&utm_medium=affiliate&affiliate=beni","Tradesy","Lacoste","Lacoste Bottoms | No Skirt, Magenta, (Size 4 (27, S) | Tradesy","Lacoste size 38 skirt. Elastic tie waist. Slightly flared  |  Tradesy is the leading used luxury fashion resale marketplace | 100% AUTHENTIC, OR YOUR MONEY BACK | We have a zero-tolerance policy for replicas. Our authentication rate is best in the industry (Stronger than eBay, ThreadUp, The RealReal, Poshmark, Vestiaire, and Worthy), our smart technology automatically detects and removes fakes listed on our site. If you don’t feel confident about an item’s authenticity, send it to us — roundtrip shipping is free.","Bottoms > Skirts > Miniskirts","Women","Magenta","USD","",True,"""{}""","2022-01-06 11:22:59.139648-03","2022-01-06 11:22:59.139656-03","","Apparel & Accessories > Clothing > Skirts","","","25.55 USD"
19,"Tradesy-12465","12465","","https://img-static.tradesy.com/item/12465/7-for-all-mankind-blue-denim-dark-rinse-no-capricropped-jeans-size-27-4-s-0-1-960-960.jpg","https://tradesy.prf.hn/click/camref:1100lkiDy/creativeref:1011l69603/destination:https://www.tradesy.com/t/7-for-all-mankind-blue-denim-dark-rinse-no-capricropped-jeans-size-27-4-s/12465/?utm_source=partnerize&utm_medium=affiliate&affiliate=beni","Tradesy","7 For All Mankind","7 For All Mankind Jeans | Dark Rinse No Capri / Cropped Jeans, Blue, (Size 4 (27, S) | Tradesy","Shop Tradesy for always-authentic treasures including this used size 27 (4, S) 7 For All Mankind Blue Denim Dark Rinse No Capri/Cropped Jeans Size 27. Shipping always included.  |  Tradesy is the leading used luxury fashion resale marketplace | 100% AUTHENTIC, OR YOUR MONEY BACK | We have a zero-tolerance policy for replicas. Our authentication rate is best in the industry (Stronger than eBay, ThreadUp, The RealReal, Poshmark, Vestiaire, and Worthy), our smart technology automatically detects and removes fakes listed on our site. If you don’t feel confident about an item’s authenticity, send it to us — roundtrip shipping is free.","Jeans > Capri/cropped Denim","Women","Blue","USD","",True,"""{}""","2022-01-06 11:22:59.169784-03","2022-01-06 11:22:59.169791-03","","Apparel & Accessories > Clothing > Pants","","","31.93 USD"
20,"Tradesy-13733","13733","","https://img-static.tradesy.com/item/13733/calvin-klein-black-snuggly-vest-size-22-plus-2x-0-1-960-960.jpg","https://tradesy.prf.hn/click/camref:1100lkiDy/creativeref:1011l69603/destination:https://www.tradesy.com/t/calvin-klein-black-snuggly-vest-size-22-plus-2x/13733/?utm_source=partnerize&utm_medium=affiliate&affiliate=beni","Tradesy","Calvin Klein","Calvin Klein Outerwear | Snuggly Vest, Black, (Size 22 (Plus 2X) | Tradesy","Super snuggly vest with down fill and zip pockets  |  Tradesy is the leading used luxury fashion resale marketplace | 100% AUTHENTIC, OR YOUR MONEY BACK | We have a zero-tolerance policy for replicas. Our authentication rate is best in the industry (Stronger than eBay, ThreadUp, The RealReal, Poshmark, Vestiaire, and Worthy), our smart technology automatically detects and removes fakes listed on our site. If you don’t feel confident about an item’s authenticity, send it to us — roundtrip shipping is free.","Outerwear > Vests","Women","Black","USD","",True,"""{}""","2022-01-06 11:22:59.195488-03","2022-01-06 11:22:59.195496-03","","Apparel & Accessories > Clothing > Outerwear > Vests","","","37.05 USD"
21,"Tradesy-13962","13962","","https://img-static.tradesy.com/item/13962/miu-miu-black-luxury-brand-sequined-pumps-size-eu-375-approx-us-75-regular-m-b-0-0-960-960.jpg","https://tradesy.prf.hn/click/camref:1100lkiDy/creativeref:1011l69603/destination:https://www.tradesy.com/t/miu-miu-black-luxury-brand-sequined-pumps-size-eu-375-approx-us-75-regular-m-b/13962/?utm_source=partnerize&utm_medium=affiliate&affiliate=beni","Tradesy","Miu Miu","Miu | Luxury Brand Sequined Pumps, Black, (Size 7.5) | Tradesy","Gorgeous Miu Miu black sequined pumps, Euro size 37 1/2 (US size 7.5). Made in Italy, these beautiful shoes are adorned in black sequins, set off with fabric and black patent leather accents. Flirty bow on each toe Oh so stylish and versatile shoes that can be worn with that cocktail dress or with your dressy jeans Leather lined insole. Leather soles with minor scuffing (please see picture).  |  Tradesy is the leading used luxury fashion resale marketplace | 100% AUTHENTIC, OR YOUR MONEY BACK | We have a zero-tolerance policy for replicas. Our authentication rate is best in the industry (Stronger than eBay, ThreadUp, The RealReal, Poshmark, Vestiaire, and Worthy), our smart technology automatically detects and removes fakes listed on our site. If you don’t feel confident about an item’s authenticity, send it to us — roundtrip shipping is free.","Shoes > Pumps","Women","Black","USD","",True,"""{}""","2022-01-06 11:22:59.219447-03","2022-01-06 11:22:59.219455-03","","Apparel & Accessories > Shoes","","","100.84 USD"
22,"Tradesy-14374","14374","","https://img-static.tradesy.com/item/14374/bcbgmaxazria-blacksilver-bcbg-formal-shoes-size-us-95-regular-m-b-0-0-960-960.jpg","https://tradesy.prf.hn/click/camref:1100lkiDy/creativeref:1011l69603/destination:https://www.tradesy.com/t/bcbgmaxazria-blacksilver-bcbg-formal-shoes-size-us-95-regular-m-b/14374/?utm_source=partnerize&utm_medium=affiliate&affiliate=beni","Tradesy","BCBGMAXAZRIA","BCBGMAXAZRIA Shoes | Black / Silver Bcbg Formal Shoes, Black/Silver, (Size 9.5) | Tradesy","Gorgeous BCBG shoes are a rare find for any fashionista. Worn only once. Brand new material upper. Zippers in the back of the shoes add extra chic. Sold in the original shoe box. Will ship the next day :)  |  Tradesy is the leading used luxury fashion resale marketplace | 100% AUTHENTIC, OR YOUR MONEY BACK | We have a zero-tolerance policy for replicas. Our authentication rate is best in the industry (Stronger than eBay, ThreadUp, The RealReal, Poshmark, Vestiaire, and Worthy), our smart technology automatically detects and removes fakes listed on our site. If you don’t feel confident about an item’s authenticity, send it to us — roundtrip shipping is free.","Shoes > Formal","Women","Black/Silver","USD","",True,"""{}""","2022-01-06 11:22:59.240848-03","2022-01-06 11:22:59.240856-03","","Apparel & Accessories > Shoes","","","69.80 USD"
23,"Tradesy-15067","15067","","https://img-static.tradesy.com/item/15067/black-waist-length-cotton-jacket-blazer-size-8-m-0-2-960-960.jpg","https://tradesy.prf.hn/click/camref:1100lkiDy/creativeref:1011l69603/destination:https://www.tradesy.com/t/black-waist-length-cotton-jacket-blazer-size-8-m/15067/?utm_source=partnerize&utm_medium=affiliate&affiliate=beni","Tradesy","Tradesy","Tradesy Outerwear | Waist Length Cotton Jacket Blazer, Black, (Size 8 (M)","Thick 100% thick cotton outer and Poly lining 3 big bottom 2 side poctets  |  Tradesy is the leading used luxury fashion resale marketplace | 100% AUTHENTIC, OR YOUR MONEY BACK | We have a zero-tolerance policy for replicas. Our authentication rate is best in the industry (Stronger than eBay, ThreadUp, The RealReal, Poshmark, Vestiaire, and Worthy), our smart technology automatically detects and removes fakes listed on our site. If you don’t feel confident about an item’s authenticity, send it to us — roundtrip shipping is free.","Outerwear > Blazers","Women","Black","USD","",True,"""{}""","2022-01-06 11:22:59.2622-03","2022-01-06 11:22:59.262207-03","","Apparel & Accessories > Clothing > Outerwear > Coats & Jackets","","","22.54 USD"
24,"Tradesy-16150","16150","","https://img-static.tradesy.com/item/16150/kate-spade-black-no-pumps-size-us-75-regular-m-b-0-1-960-960.jpg","https://tradesy.prf.hn/click/camref:1100lkiDy/creativeref:1011l69603/destination:https://www.tradesy.com/t/kate-spade-black-no-pumps-size-us-75-regular-m-b/16150/?utm_source=partnerize&utm_medium=affiliate&affiliate=beni","Tradesy","Kate Spade","Kate Spade Shoes | No Pumps, Black, (Size 7.5) | Tradesy","Luxury Designer Kate Spade at Up to 70% Off Retail. Real or Your Money Back. Shop The Luxury Resale Marketplace Made by Women, for Women. Your Fave Brands Coming in Hot Daily. Black suede pump with 2"" heel decorated with 2 tiny silver buckles.  |  Tradesy is the leading used luxury fashion resale marketplace | 100% AUTHENTIC, OR YOUR MONEY BACK | We have a zero-tolerance policy for replicas. Our authentication rate is best in the industry (Stronger than eBay, ThreadUp, The RealReal, Poshmark, Vestiaire, and Worthy), our smart technology automatically detects and removes fakes listed on our site. If you don’t feel confident about an item’s authenticity, send it to us — roundtrip shipping is free.","Shoes > Pumps","Women","Black","USD","",True,"""{}""","2022-01-06 11:22:59.284822-03","2022-01-06 11:22:59.284829-03","","Apparel & Accessories > Shoes","","","51.05 USD"
25,"Tradesy-16158","16158","","https://img-static.tradesy.com/item/16158/elie-tahari-brushed-bronze-no-pumps-size-us-7-regular-m-b-0-1-960-960.jpg","https://tradesy.prf.hn/click/camref:1100lkiDy/creativeref:1011l69603/destination:https://www.tradesy.com/t/elie-tahari-brushed-bronze-no-pumps-size-us-7-regular-m-b/16158/?utm_source=partnerize&utm_medium=affiliate&affiliate=beni","Tradesy","Elie Tahari","Elie Tahari Shoes | No Pumps, Bronze, (Size 7) | Tradesy","2 1/2"" heel pump in a beautiful brushed bronze color with a brown and gold emblem on the top  |  Tradesy is the leading used luxury fashion resale marketplace | 100% AUTHENTIC, OR YOUR MONEY BACK | We have a zero-tolerance policy for replicas. Our authentication rate is best in the industry (Stronger than eBay, ThreadUp, The RealReal, Poshmark, Vestiaire, and Worthy), our smart technology automatically detects and removes fakes listed on our site. If you don’t feel confident about an item’s authenticity, send it to us — roundtrip shipping is free.","Shoes > Pumps","Women","Bronze","USD","",True,"""{}""","2022-01-06 11:22:59.30757-03","2022-01-06 11:22:59.307577-03","","Apparel & Accessories > Shoes","","","55.30 USD"
26,"Tradesy-18190","18190","","https://img-static.tradesy.com/item/18190/trifari-gold-tone-circle-of-faux-pearls-0-0-960-960.jpg","https://tradesy.prf.hn/click/camref:1100lkiDy/creativeref:1011l69603/destination:https://www.tradesy.com/t/trifari-gold-tone-circle-of-faux-pearls/18190/?utm_source=partnerize&utm_medium=affiliate&affiliate=beni","Tradesy","Trifari","Trifari Jewelry | Circle Of Faux Pearls, Gold, (Size 2.50x2.50x.50) | Tradesy","Original pearls, no scratches or damage, pin mechanism perfectly functional. Beautiful condition  |  Tradesy is the leading used luxury fashion resale marketplace | 100% AUTHENTIC, OR YOUR MONEY BACK | We have a zero-tolerance policy for replicas. Our authentication rate is best in the industry (Stronger than eBay, ThreadUp, The RealReal, Poshmark, Vestiaire, and Worthy), our smart technology automatically detects and removes fakes listed on our site. If you don’t feel confident about an item’s authenticity, send it to us — roundtrip shipping is free.","Accessories > Jewelry > Other","Women","Gold","USD","",True,"""{}""","2022-01-06 11:22:59.326526-03","2022-01-06 11:22:59.326534-03","","Apparel & Accessories > Jewelry > Earrings","","","14.00 USD"
27,"Tradesy-18205","18205","","https://img-static.tradesy.com/item/18205/sarah-coventry-silver-tone-pin-snowflake-like-design-faux-0-0-960-960.jpg","https://tradesy.prf.hn/click/camref:1100lkiDy/creativeref:1011l69603/destination:https://www.tradesy.com/t/sarah-coventry-silver-tone-pin-snowflake-like-design-faux/18205/?utm_source=partnerize&utm_medium=affiliate&affiliate=beni","Tradesy","Sarah Coventry","Sarah Coventry Jewelry | Pin - Snowflake-Like Design / Faux, Silver, (Size 1.00x1.00x.50) | Tradesy","I have TWO matching pins (if purchased together - naturally the shipping will only be $6.00 instead of $8.00). These pins have no damage, all original pearls and rhinestone, no repair was necessary, no scratches or damage. Pin mechanism perfectly functional on both pins.  |  Tradesy is the leading used luxury fashion resale marketplace | 100% AUTHENTIC, OR YOUR MONEY BACK | We have a zero-tolerance policy for replicas. Our authentication rate is best in the industry (Stronger than eBay, ThreadUp, The RealReal, Poshmark, Vestiaire, and Worthy), our smart technology automatically detects and removes fakes listed on our site. If you don’t feel confident about an item’s authenticity, send it to us — roundtrip shipping is free.","Accessories > Jewelry > Other","Women","Silver","USD","",True,"""{}""","2022-01-06 11:22:59.350166-03","2022-01-06 11:22:59.350176-03","","Apparel & Accessories > Jewelry > Earrings","","","14.00 USD"
28,"Tradesy-18973","18973","","https://img-static.tradesy.com/item/18973/david-meister-kelly-green-knee-length-workoffice-dress-size-4-s-0-0-960-960.jpg","https://tradesy.prf.hn/click/camref:1100lkiDy/creativeref:1011l69603/destination:https://www.tradesy.com/t/david-meister-kelly-green-knee-length-workoffice-dress-size-4-s/18973/?utm_source=partnerize&utm_medium=affiliate&affiliate=beni","Tradesy","David Meister","David Meister Dresses | Knee Length Work / Office Dress, Green, (Size 4 (S), New | Tradesy","Beautiful New with Tags David Meister Dress Size 4.  |  Tradesy is the leading used luxury fashion resale marketplace | 100% AUTHENTIC, OR YOUR MONEY BACK | We have a zero-tolerance policy for replicas. Our authentication rate is best in the industry (Stronger than eBay, ThreadUp, The RealReal, Poshmark, Vestiaire, and Worthy), our smart technology automatically detects and removes fakes listed on our site. If you don’t feel confident about an item’s authenticity, send it to us — roundtrip shipping is free.","Dresses > Work/office Dresses","Women","Green","USD","",True,"""{}""","2022-01-06 11:22:59.373693-03","2022-01-06 11:22:59.3737-03","","Apparel & Accessories > Clothing > Dresses","","","268.00 USD"
29,"Tradesy-19103","19103","","https://img-static.tradesy.com/item/19103/calvin-klein-burgandy-silk-blouse-size-10-m-0-1-960-960.jpg","https://tradesy.prf.hn/click/camref:1100lkiDy/creativeref:1011l69603/destination:https://www.tradesy.com/t/calvin-klein-burgandy-silk-blouse-size-10-m/19103/?utm_source=partnerize&utm_medium=affiliate&affiliate=beni","Tradesy","Calvin Klein","Calvin Klein Tops | Silk Blouse, Burgundy, (Size 10 (M) | Tradesy","Shop Tradesy for always-authentic treasures including this used size 10 (M) Calvin Klein Burgandy Silk Blouse Size 10 (M). Shipping always included.  |  Tradesy is the leading used luxury fashion resale marketplace | 100% AUTHENTIC, OR YOUR MONEY BACK | We have a zero-tolerance policy for replicas. Our authentication rate is best in the industry (Stronger than eBay, ThreadUp, The RealReal, Poshmark, Vestiaire, and Worthy), our smart technology automatically detects and removes fakes listed on our site. If you don’t feel confident about an item’s authenticity, send it to us — roundtrip shipping is free.","Tops > Blouses","Women","Burgundy","USD","",True,"""{}""","2022-01-06 11:22:59.398022-03","2022-01-06 11:22:59.39803-03","","Apparel & Accessories > Clothing > Shirts & Tops","","","63.90 USD"
30,"Tradesy-19110","19110","","https://img-static.tradesy.com/item/19110/calvin-klein-burgandy-evening-wear-skirt-size-8-m-29-30-0-1-960-960.jpg","https://tradesy.prf.hn/click/camref:1100lkiDy/creativeref:1011l69603/destination:https://www.tradesy.com/t/calvin-klein-burgandy-evening-wear-skirt-size-8-m-29-30/19110/?utm_source=partnerize&utm_medium=affiliate&affiliate=beni","Tradesy","Calvin Klein","Calvin Klein Bottoms | Evening Wear Skirt, Burgundy, (Size 8 (29, 30, M) | Tradesy","To be worn with the Burgandy blouse shown on previous listing.  |  Tradesy is the leading used luxury fashion resale marketplace | 100% AUTHENTIC, OR YOUR MONEY BACK | We have a zero-tolerance policy for replicas. Our authentication rate is best in the industry (Stronger than eBay, ThreadUp, The RealReal, Poshmark, Vestiaire, and Worthy), our smart technology automatically detects and removes fakes listed on our site. If you don’t feel confident about an item’s authenticity, send it to us — roundtrip shipping is free.","Bottoms > Skirts > Maxi","Women","Burgundy","USD","",True,"""{}""","2022-01-06 11:22:59.423721-03","2022-01-06 11:22:59.423733-03","","Apparel & Accessories > Clothing > Skirts","","","87.14 USD"
31,"Tradesy-19118","19118","","https://img-static.tradesy.com/item/19118/calvin-klein-grey-silk-blouse-size-10-m-0-1-960-960.jpg","https://tradesy.prf.hn/click/camref:1100lkiDy/creativeref:1011l69603/destination:https://www.tradesy.com/t/calvin-klein-grey-silk-blouse-size-10-m/19118/?utm_source=partnerize&utm_medium=affiliate&affiliate=beni","Tradesy","Calvin Klein","Calvin Klein Tops | Silk Blouse, Grey, (Size 10 (M) | Tradesy","Can be part of the Burgandy blouse and long skirt. All made in Italy.  |  Tradesy is the leading used luxury fashion resale marketplace | 100% AUTHENTIC, OR YOUR MONEY BACK | We have a zero-tolerance policy for replicas. Our authentication rate is best in the industry (Stronger than eBay, ThreadUp, The RealReal, Poshmark, Vestiaire, and Worthy), our smart technology automatically detects and removes fakes listed on our site. If you don’t feel confident about an item’s authenticity, send it to us — roundtrip shipping is free.","Tops > Blouses","Women","Grey","USD","",True,"""{}""","2022-01-06 11:22:59.447292-03","2022-01-06 11:22:59.4473-03","","Apparel & Accessories > Clothing > Shirts & Tops","","","112.53 USD"
32,"Tradesy-19135","19135","","https://img-static.tradesy.com/item/19135/mephisto-black-handcrafted-leather-reptile-slip-on-wedges-size-us-65-regular-m-b-0-0-960-960.jpg","https://tradesy.prf.hn/click/camref:1100lkiDy/creativeref:1011l69603/destination:https://www.tradesy.com/t/mephisto-black-handcrafted-leather-reptile-slip-on-wedges-size-us-65-regular-m-b/19135/?utm_source=partnerize&utm_medium=affiliate&affiliate=beni","Tradesy","Mephisto","Mephisto Shoes | Handcrafted Leather Reptile Slip On Wedges, Black, (Size 6.5) | Tradesy","Excellent condition German handcrafted black leather wedge slip-ons from Mephisto. A sophisticated mix of textures, the body is soft black leather paired with a reptile patterned toe, heel and trim around the entire body of the shoe. Elasticized inserts around the bridges for best fit and comfort. Very comfortable wedge heel measures 1 1/2 inches. Versatile shoe for travel, work or play. Cushioned leather lined insole. Made in Germany.  |  Tradesy is the leading used luxury fashion resale marketplace | 100% AUTHENTIC, OR YOUR MONEY BACK | We have a zero-tolerance policy for replicas. Our authentication rate is best in the industry (Stronger than eBay, ThreadUp, The RealReal, Poshmark, Vestiaire, and Worthy), our smart technology automatically detects and removes fakes listed on our site. If you don’t feel confident about an item’s authenticity, send it to us — roundtrip shipping is free.","Shoes > Wedges","Women","Black","USD","",True,"""{}""","2022-01-06 11:22:59.472373-03","2022-01-06 11:22:59.472381-03","","Apparel & Accessories > Shoes","","","34.08 USD"
33,"Tradesy-19200","19200","","https://img-static.tradesy.com/item/19200/calvin-klein-black-tailored-open-t-long-cocktail-dress-size-10-m-0-1-960-960.jpg","https://tradesy.prf.hn/click/camref:1100lkiDy/creativeref:1011l69603/destination:https://www.tradesy.com/t/calvin-klein-black-tailored-open-t-long-cocktail-dress-size-10-m/19200/?utm_source=partnerize&utm_medium=affiliate&affiliate=beni","Tradesy","Calvin Klein","Calvin Klein Dresses | Tailored. Open T Long Cocktail Dress, Black, (Size 10 (M) | Tradesy","73% Silk 22%Nylon 5% Spandex Fully lined  |  Tradesy is the leading used luxury fashion resale marketplace | 100% AUTHENTIC, OR YOUR MONEY BACK | We have a zero-tolerance policy for replicas. Our authentication rate is best in the industry (Stronger than eBay, ThreadUp, The RealReal, Poshmark, Vestiaire, and Worthy), our smart technology automatically detects and removes fakes listed on our site. If you don’t feel confident about an item’s authenticity, send it to us — roundtrip shipping is free.","Dresses > Cocktail Dresses","Women","Black","USD","",True,"""{}""","2022-01-06 11:22:59.496736-03","2022-01-06 11:22:59.496745-03","","Apparel & Accessories > Clothing > Dresses","","","213.80 USD"
34,"Tradesy-19348","19348","","https://img-static.tradesy.com/item/19348/taryn-rose-black-italian-peep-patent-leather-sandals-wedges-size-eu-37-approx-us-7-regular-m-b-0-0-960-960.jpg","https://tradesy.prf.hn/click/camref:1100lkiDy/creativeref:1011l69603/destination:https://www.tradesy.com/t/taryn-rose-black-italian-peep-patent-leather-sandals-wedges-size-eu-37-approx-us-7-regular-m-b/19348/?utm_source=partnerize&utm_medium=affiliate&affiliate=beni","Tradesy","Taryn Rose","Taryn Rose Shoes | Italian Peep Patent Leather Sandals Wedges, Black, (Size 7) | Tradesy","Cute and comfortable black patent leather wedge Taryn Rose wedges, EU size 37 (approx US 6.5-7). Stylish, wearable design, these Italian-made wedges have a bow on the toe with Taryn Rose logo gold circle hardware. Wedge is 2 3/4 inches. Cushioned leather insole with light scuffing. Light scuffs on leather sole. Please see pictures. Made in Italy.  |  Tradesy is the leading used luxury fashion resale marketplace | 100% AUTHENTIC, OR YOUR MONEY BACK | We have a zero-tolerance policy for replicas. Our authentication rate is best in the industry (Stronger than eBay, ThreadUp, The RealReal, Poshmark, Vestiaire, and Worthy), our smart technology automatically detects and removes fakes listed on our site. If you don’t feel confident about an item’s authenticity, send it to us — roundtrip shipping is free.","Shoes > Wedges","Women","Black","USD","",True,"""{}""","2022-01-06 11:22:59.522892-03","2022-01-06 11:22:59.5229-03","","Apparel & Accessories > Shoes","","","32.11 USD"
35,"Tradesy-20122","20122","","https://img-static.tradesy.com/item/20122/silver-with-black-trim-skirt-size-4-s-27-0-0-960-960.jpg","https://tradesy.prf.hn/click/camref:1100lkiDy/creativeref:1011l69603/destination:https://www.tradesy.com/t/silver-with-black-trim-skirt-size-4-s-27/20122/?utm_source=partnerize&utm_medium=affiliate&affiliate=beni","Tradesy","Tradesy","Tradesy Bottoms | Skirt, Black/Silver, (Size 4 (27, S)","Shop Tradesy for always-authentic treasures including this used size 4 (S, 27) Silver with Black Trim Skirt Size 4 (S, 27). Shipping always included.  |  Tradesy is the leading used luxury fashion resale marketplace | 100% AUTHENTIC, OR YOUR MONEY BACK | We have a zero-tolerance policy for replicas. Our authentication rate is best in the industry (Stronger than eBay, ThreadUp, The RealReal, Poshmark, Vestiaire, and Worthy), our smart technology automatically detects and removes fakes listed on our site. If you don’t feel confident about an item’s authenticity, send it to us — roundtrip shipping is free.","Bottoms > Skirts","Women","Black/Silver","USD","",True,"""{}""","2022-01-06 11:22:59.546102-03","2022-01-06 11:22:59.546111-03","","Apparel & Accessories > Clothing > Skirts","","","60.00 USD"
36,"Tradesy-20131","20131","","https://img-static.tradesy.com/item/20131/vintage-chocolate-brown-knee-length-cocktail-dress-size-2-xs-0-0-960-960.jpg","https://tradesy.prf.hn/click/camref:1100lkiDy/creativeref:1011l69603/destination:https://www.tradesy.com/t/vintage-chocolate-brown-knee-length-cocktail-dress-size-2-xs/20131/?utm_source=partnerize&utm_medium=affiliate&affiliate=beni","Tradesy","Vintage","Vintage Dresses | Knee Length Cocktail Dress, Brown/Chocolate, (Size 2 (XS) | Tradesy","Beaded high-low cocktail dress  |  Tradesy is the leading used luxury fashion resale marketplace | 100% AUTHENTIC, OR YOUR MONEY BACK | We have a zero-tolerance policy for replicas. Our authentication rate is best in the industry (Stronger than eBay, ThreadUp, The RealReal, Poshmark, Vestiaire, and Worthy), our smart technology automatically detects and removes fakes listed on our site. If you don’t feel confident about an item’s authenticity, send it to us — roundtrip shipping is free.","Dresses > Cocktail Dresses","Women","Brown/Chocolate","USD","",True,"""{}""","2022-01-06 11:22:59.571216-03","2022-01-06 11:22:59.571222-03","","Apparel & Accessories > Clothing > Dresses","","","85.00 USD"
37,"Tradesy-20259","20259","","https://img-static.tradesy.com/item/20259/badgley-mischka-evening-beigeblack-with-gold-beading-wool-and-swarovski-crystals-wristlet-0-1-960-960.jpg","https://tradesy.prf.hn/click/camref:1100lkiDy/creativeref:1011l69603/destination:https://www.tradesy.com/t/badgley-mischka-evening-bag-beigeblack-with-gold-beading-wool-blend-wristlet/20259/?utm_source=partnerize&utm_medium=affiliate&affiliate=beni","Tradesy","Badgley Mischka","Badgley Mischka Bags | Evening Bag Beige / Black With Gold Beading Wool Blend W, Black/Gold/Beige, (One Size) | Tradesy","Badgley Mishka evening bag with BOX gold chain handle, CRYSTAL beading and ON WOOL TWEED, worn once. FABULOUS OPEN AND CLOSRE STUDDED IN sawrazski CRYSTALS. SATIN LINING. HERRINGBONE BEIGE AND GOLD .  |  Tradesy is the leading used luxury fashion resale marketplace | 100% AUTHENTIC, OR YOUR MONEY BACK | We have a zero-tolerance policy for replicas. Our authentication rate is best in the industry (Stronger than eBay, ThreadUp, The RealReal, Poshmark, Vestiaire, and Worthy), our smart technology automatically detects and removes fakes listed on our site. If you don’t feel confident about an item’s authenticity, send it to us — roundtrip shipping is free.","Bags > Wristlets","Women","Black/Gold/Beige","USD","",True,"""{}""","2022-01-06 11:22:59.594819-03","2022-01-06 11:22:59.594826-03","","Apparel & Accessories > Handbags, Wallets & Cases > Handbags","","","201.85 USD"
38,"Tradesy-20434","20434","","https://img-static.tradesy.com/item/20434/paige-mirror-lake-dark-rinse-hollywood-hills-classic-boot-cut-jeans-size-27-4-s-0-1-960-960.jpg","https://tradesy.prf.hn/click/camref:1100lkiDy/creativeref:1011l69603/destination:https://www.tradesy.com/t/paige-mirror-lake-dark-rinse-hollywood-hills-classic-boot-cut-jeans-size-27-4-s/20434/?utm_source=partnerize&utm_medium=affiliate&affiliate=beni","Tradesy","Paige","Paige Jeans | Dark Rinse Hollywood Hills Classic Boot Cut Jeans Si, Mirror Lake, (Size 4 (27, S), New | Tradesy","New Paige boot cuts at a great price. Hollywood Hills Classic Rise NWT Boot Mirror Lake.  |  Tradesy is the leading used luxury fashion resale marketplace | 100% AUTHENTIC, OR YOUR MONEY BACK | We have a zero-tolerance policy for replicas. Our authentication rate is best in the industry (Stronger than eBay, ThreadUp, The RealReal, Poshmark, Vestiaire, and Worthy), our smart technology automatically detects and removes fakes listed on our site. If you don’t feel confident about an item’s authenticity, send it to us — roundtrip shipping is free.","Jeans > Boot Cut Jeans","Women","Mirror Lake","USD","",True,"""{}""","2022-01-06 11:22:59.619624-03","2022-01-06 11:22:59.619633-03","","Apparel & Accessories > Clothing > Pants","","","57.39 USD"
39,"Tradesy-20668","20668","","https://img-static.tradesy.com/item/20668/express-grey-button-down-wool-blazer-size-12-l-0-0-960-960.jpg","https://tradesy.prf.hn/click/camref:1100lkiDy/creativeref:1011l69603/destination:https://www.tradesy.com/t/express-grey-button-down-wool-blazer-size-12-l/20668/?utm_source=partnerize&utm_medium=affiliate&affiliate=beni","Tradesy","Express","Express Outerwear | Button Down Wool Blazer, Grey, (Size 12 (L) | Tradesy","Describe the fit, condition, etc.  |  Tradesy is the leading used luxury fashion resale marketplace | 100% AUTHENTIC, OR YOUR MONEY BACK | We have a zero-tolerance policy for replicas. Our authentication rate is best in the industry (Stronger than eBay, ThreadUp, The RealReal, Poshmark, Vestiaire, and Worthy), our smart technology automatically detects and removes fakes listed on our site. If you don’t feel confident about an item’s authenticity, send it to us — roundtrip shipping is free.","Outerwear > Blazers","Women","Grey","USD","",True,"""{}""","2022-01-06 11:22:59.720863-03","2022-01-06 11:22:59.720869-03","","Apparel & Accessories > Clothing > Outerwear > Coats & Jackets","","","25.79 USD"
40,"Tradesy-20875","20875","","https://img-static.tradesy.com/item/20875/talbots-light-grey-with-black-and-white-accent-yarn-silk-doupioni-pants-size-12-l-32-33-0-0-960-960.jpg","https://tradesy.prf.hn/click/camref:1100lkiDy/creativeref:1011l69603/destination:https://www.tradesy.com/t/talbots-light-grey-with-black-and-white-accent-yarn-silk-doupioni-pants-size-12-l-32-33/20875/?utm_source=partnerize&utm_medium=affiliate&affiliate=beni","Tradesy","Talbots","Talbots Bottoms | Light Grey With Black & White Accent Yarn Silk Doupioni Pants, Black/White/Grey, (Size 12 (32, 33, L), New | Tradesy","Granny Chic A natural beauty.Pure, lustrous silk reeled from uneven yarns that make a subtle tonal variation for textural interest. Fully lined in grey poly with side 'hidden' zipper and one inside button.  |  Tradesy is the leading used luxury fashion resale marketplace | 100% AUTHENTIC, OR YOUR MONEY BACK | We have a zero-tolerance policy for replicas. Our authentication rate is best in the industry (Stronger than eBay, ThreadUp, The RealReal, Poshmark, Vestiaire, and Worthy), our smart technology automatically detects and removes fakes listed on our site. If you don’t feel confident about an item’s authenticity, send it to us — roundtrip shipping is free.","Bottoms > Pants > Straight","Women","Black/White/Grey","USD","",True,"""{}""","2022-01-06 11:22:59.746824-03","2022-01-06 11:22:59.746833-03","","Apparel & Accessories > Clothing > Pants","","","48.80 USD"
41,"Tradesy-20900","20900","","https://img-static.tradesy.com/item/20900/perlina-raspberry-leather-shoulder-bag-0-0-960-960.jpg","https://tradesy.prf.hn/click/camref:1100lkiDy/creativeref:1011l69603/destination:https://www.tradesy.com/t/perlina-raspberry-leather-shoulder-bag/20900/?utm_source=partnerize&utm_medium=affiliate&affiliate=beni","Tradesy","Perlina","Perlina Bags | Leather Shoulder Bag, Berry, (One Size) | Tradesy","Fun, triple zip Perlina Handbag  |  Tradesy is the leading used luxury fashion resale marketplace | 100% AUTHENTIC, OR YOUR MONEY BACK | We have a zero-tolerance policy for replicas. Our authentication rate is best in the industry (Stronger than eBay, ThreadUp, The RealReal, Poshmark, Vestiaire, and Worthy), our smart technology automatically detects and removes fakes listed on our site. If you don’t feel confident about an item’s authenticity, send it to us — roundtrip shipping is free.","Bags > Shoulder Bags","Women","Berry","USD","",True,"""{}""","2022-01-06 11:22:59.771385-03","2022-01-06 11:22:59.771393-03","","Apparel & Accessories > Handbags, Wallets & Cases > Handbags","","","50.55 USD"
42,"Tradesy-20997","20997","","https://img-static.tradesy.com/item/20997/coldwater-creek-black-with-silver-threading-flute-neck-sheath-above-knee-cocktail-dress-size-12-l-0-0-960-960.jpg","https://tradesy.prf.hn/click/camref:1100lkiDy/creativeref:1011l69603/destination:https://www.tradesy.com/t/coldwater-creek-black-with-silver-threading-flute-neck-sheath-above-knee-cocktail-dress-size-12-l/20997/?utm_source=partnerize&utm_medium=affiliate&affiliate=beni","Tradesy","Coldwater Creek","Coldwater Creek Dresses | Flute Neck Sheath Above K, Black/Silver, (Size 12 (L), New | Tradesy","Silver Sparkles, row after row.cut to flatter your figure. Zip back. Fully Lined. Acrylic/polyester  |  Tradesy is the leading used luxury fashion resale marketplace | 100% AUTHENTIC, OR YOUR MONEY BACK | We have a zero-tolerance policy for replicas. Our authentication rate is best in the industry (Stronger than eBay, ThreadUp, The RealReal, Poshmark, Vestiaire, and Worthy), our smart technology automatically detects and removes fakes listed on our site. If you don’t feel confident about an item’s authenticity, send it to us — roundtrip shipping is free.","Dresses > Cocktail Dresses","Women","Black/Silver","USD","",True,"""{}""","2022-01-06 11:22:59.792607-03","2022-01-06 11:22:59.792615-03","","Apparel & Accessories > Clothing > Dresses","","","43.52 USD"
43,"Tradesy-21100","21100","","https://img-static.tradesy.com/item/21100/dolce-vita-magenta-colorblock-fuscia-suede-platforms-size-us-6-regular-m-b-0-0-960-960.jpg","https://tradesy.prf.hn/click/camref:1100lkiDy/creativeref:1011l69603/destination:https://www.tradesy.com/t/dolce-vita-magenta-colorblock-fuscia-suede-platforms-size-us-6-regular-m-b/21100/?utm_source=partnerize&utm_medium=affiliate&affiliate=beni","Tradesy","Dolce Vita","Dolce Vita Shoes | Colorblock Fuscia Suede Platforms, Magenta, (Size 6) | Tradesy","Name: Babette Style#: ZDOVI055 Description: Adjustable ankle strap, 1 1/2 inch chunky platform & 5 inch heel. Suede Fabrication, Leather upper and sole with silver trimmings.  |  Tradesy is the leading used luxury fashion resale marketplace | 100% AUTHENTIC, OR YOUR MONEY BACK | We have a zero-tolerance policy for replicas. Our authentication rate is best in the industry (Stronger than eBay, ThreadUp, The RealReal, Poshmark, Vestiaire, and Worthy), our smart technology automatically detects and removes fakes listed on our site. If you don’t feel confident about an item’s authenticity, send it to us — roundtrip shipping is free.","Shoes > Platforms","Women","Magenta","USD","",True,"""{}""","2022-01-06 11:22:59.816294-03","2022-01-06 11:22:59.816301-03","","Apparel & Accessories > Shoes","","","82.60 USD"
44,"Tradesy-21784","21784","","https://img-static.tradesy.com/item/21784/betsey-johnson-blackraspberry-red-leopard-faux-fur-jacket-blazer-size-petite-0-xxs-0-0-960-960.jpg","https://tradesy.prf.hn/click/camref:1100lkiDy/creativeref:1011l69603/destination:https://www.tradesy.com/t/betsey-johnson-blackraspberry-red-leopard-faux-fur-jacket-blazer-size-petite-0-xxs/21784/?utm_source=partnerize&utm_medium=affiliate&affiliate=beni","Tradesy","Betsey Johnson","Betsey Johnson Outerwear | Black / Raspberry Red Leopard Faux Fur Jacket Blazer, Black/Berry, (Size Petite 0 (XXS) | Tradesy","Betsey Johnson Leopard Print Jacket with two front pockets and black weave buttons. Bust 32 inches. Tag size P.  |  Tradesy is the leading used luxury fashion resale marketplace | 100% AUTHENTIC, OR YOUR MONEY BACK | We have a zero-tolerance policy for replicas. Our authentication rate is best in the industry (Stronger than eBay, ThreadUp, The RealReal, Poshmark, Vestiaire, and Worthy), our smart technology automatically detects and removes fakes listed on our site. If you don’t feel confident about an item’s authenticity, send it to us — roundtrip shipping is free.","Outerwear > Blazers","Women","Black/Berry","USD","",True,"""{}""","2022-01-06 11:22:59.83777-03","2022-01-06 11:22:59.837778-03","","Apparel & Accessories > Clothing > Outerwear > Coats & Jackets","","","125.00 USD"
45,"Tradesy-21801","21801","","https://img-static.tradesy.com/item/21801/elizabeth-wayman-black-vintage-velvet-party-above-knee-cocktail-dress-size-4-s-0-0-960-960.jpg","https://tradesy.prf.hn/click/camref:1100lkiDy/creativeref:1011l69603/destination:https://www.tradesy.com/t/elizabeth-wayman-black-vintage-velvet-party-above-knee-cocktail-dress-size-4-s/21801/?utm_source=partnerize&utm_medium=affiliate&affiliate=beni","Tradesy","Elizabeth Wayman","Elizabeth Wayman Dresses | Vintage Velvet Party Above Knee Cocktail Dress, Black, (Size 4 (S) | Tradesy","Short Vintage black velvet cocktail dress. says size 8 but the side seams were taken in from the waist to the hem. May be taken out if needed. Measures 18"" under bust laying flat. Peak A boo back with covered button & fabric hook closure.hidden zipper under that. Sleeves also have covered buttons and fabric hook closure.  |  Tradesy is the leading used luxury fashion resale marketplace | 100% AUTHENTIC, OR YOUR MONEY BACK | We have a zero-tolerance policy for replicas. Our authentication rate is best in the industry (Stronger than eBay, ThreadUp, The RealReal, Poshmark, Vestiaire, and Worthy), our smart technology automatically detects and removes fakes listed on our site. If you don’t feel confident about an item’s authenticity, send it to us — roundtrip shipping is free.","Dresses > Cocktail Dresses","Women","Black","USD","",True,"""{}""","2022-01-06 11:22:59.860039-03","2022-01-06 11:22:59.860047-03","","Apparel & Accessories > Clothing > Dresses","","","92.80 USD"
46,"Tradesy-21834","21834","","https://img-static.tradesy.com/item/21834/cdc-caren-desiree-company-brownblack-fit-and-flare-animinal-print-short-cocktail-dress-size-8-m-0-2-960-960.jpg","https://tradesy.prf.hn/click/camref:1100lkiDy/creativeref:1011l69603/destination:https://www.tradesy.com/t/cdc-caren-desiree-company-brownblack-fit-and-flare-animinal-print-short-cocktail-dress-size-8-m/21834/?utm_source=partnerize&utm_medium=affiliate&affiliate=beni","Tradesy","CDC Caren Desiree Company","CDC Caren Desiree Company Dresses | Brown / Black Fit & Flare Animinal Print Short, Black/Brown, (Size 8 (M) | Tradesy","Sleeveless, fit and flare. Empire waist with tie in the back. Fully lined with layered bottom, slightly flared. Key hole button with covered button and button hook in top neck back.  |  Tradesy is the leading used luxury fashion resale marketplace | 100% AUTHENTIC, OR YOUR MONEY BACK | We have a zero-tolerance policy for replicas. Our authentication rate is best in the industry (Stronger than eBay, ThreadUp, The RealReal, Poshmark, Vestiaire, and Worthy), our smart technology automatically detects and removes fakes listed on our site. If you don’t feel confident about an item’s authenticity, send it to us — roundtrip shipping is free.","Dresses > Cocktail Dresses","Women","Black/Brown","USD","",True,"""{}""","2022-01-06 11:22:59.880234-03","2022-01-06 11:22:59.880242-03","","Apparel & Accessories > Clothing > Dresses","","","46.00 USD"
47,"Tradesy-21839","21839","","https://img-static.tradesy.com/item/21839/dressbarn-purpleblue-sleeveless-evening-tank-topcami-size-4-s-0-0-960-960.jpg","https://tradesy.prf.hn/click/camref:1100lkiDy/creativeref:1011l69603/destination:https://www.tradesy.com/t/dressbarn-purpleblue-sleeveless-evening-tank-topcami-size-4-s/21839/?utm_source=partnerize&utm_medium=affiliate&affiliate=beni","Tradesy","dressbarn","Dressbarn | Purple / Blue Sleeveless. Evening Tank Top Cami, Blue/Purple, (Size 4 (S) | Tradesy","Tank style evening style top. Never worn.  |  Tradesy is the leading used luxury fashion resale marketplace | 100% AUTHENTIC, OR YOUR MONEY BACK | We have a zero-tolerance policy for replicas. Our authentication rate is best in the industry (Stronger than eBay, ThreadUp, The RealReal, Poshmark, Vestiaire, and Worthy), our smart technology automatically detects and removes fakes listed on our site. If you don’t feel confident about an item’s authenticity, send it to us — roundtrip shipping is free.","Tops > Tank Tops & Camis","Women","Blue/Purple","USD","",True,"""{}""","2022-01-06 11:22:59.900442-03","2022-01-06 11:22:59.90045-03","","Apparel & Accessories > Clothing > Shirts & Tops","","","24.00 USD"
48,"Tradesy-21926","21926","","https://img-static.tradesy.com/item/21926/connected-apparel-multicolor-angled-shutter-pleat-shift-short-night-out-dress-size-12-l-0-2-960-960.jpg","https://tradesy.prf.hn/click/camref:1100lkiDy/creativeref:1011l69603/destination:https://www.tradesy.com/t/connected-apparel-multicolor-angled-shutter-pleat-shift-short-night-out-dress-size-12-l/21926/?utm_source=partnerize&utm_medium=affiliate&affiliate=beni","Tradesy","Connected Apparel","Connected Apparel Dresses | color Angled Shutter Pleat Shift Short Night Ou, Multi, (Size 12 (L) | Tradesy","Sleeveless, fully lined with angled shutter pleats on textured poly material with animal print. Night out and Cocktail party dress. no iron, look at close up to see tiny pleats of material.  |  Tradesy is the leading used luxury fashion resale marketplace | 100% AUTHENTIC, OR YOUR MONEY BACK | We have a zero-tolerance policy for replicas. Our authentication rate is best in the industry (Stronger than eBay, ThreadUp, The RealReal, Poshmark, Vestiaire, and Worthy), our smart technology automatically detects and removes fakes listed on our site. If you don’t feel confident about an item’s authenticity, send it to us — roundtrip shipping is free.","Dresses > Night Out Dresses","Women","Multi","USD","",True,"""{}""","2022-01-06 11:22:59.923566-03","2022-01-06 11:22:59.923574-03","","Apparel & Accessories > Clothing > Dresses","","","26.00 USD"
